<xml>
  <dir>
    <title>Adam Sandler</title>
    <trakt>https://api.trakt.tv/people/Adam-Sandler/movies</trakt>
  </dir>

<dir>
    <title>Al Pacino</title>
    <tmdb>person/movies/1158</tmdb>
  </dir>

<dir>
    <title>Anthony Hopkins</title>
    <tmdb>person/movies/4173</tmdb>
  </dir>

<dir>
    <title>Anthony Quinn</title>
    <trakt>https://api.trakt.tv/people/Anthony-Quinn/movies</trakt>
  </dir>

<dir>
    <title>Arnold Schwarzenegger</title>
    <trakt>https://api.trakt.tv/people/arnold-schwarzenegger/movies</trakt>
  </dir>

<dir>
    <title>Ben Affleck</title>
    <trakt>https://api.trakt.tv/people/Ben-Affleck/movies</trakt>
  </dir>

<dir>
    <title>Ben Stiller</title>
    <trakt>https://api.trakt.tv/people/Ben-Stiller/movies</trakt>
  </dir>

<dir>
    <title>Brad Pitt</title>
    <trakt>https://api.trakt.tv/people/Brad-Pitt/movies</trakt>
  </dir>

<dir>
    <title>Bradley Cooper</title>
    <trakt>https://api.trakt.tv/people/Bradley-Cooper/movies</trakt>
  </dir>

<dir>
    <title>Christian Bale</title>
    <trakt>https://api.trakt.tv/people/Christian-Bale/movies</trakt>
  </dir>

<dir>
    <title>Clint Eastwood</title>
    <trakt>https://api.trakt.tv/people/clint-eastwood/movies</trakt>
  </dir>

<dir>
    <title>Denzel Washington</title>
    <trakt>https://api.trakt.tv/people/Denzel-Washington/movies</trakt>
  </dir>

<dir>
    <title>Dustin Hoffman</title>
    <trakt>https://api.trakt.tv/people/Dustin-Hoffman/movies</trakt>
  </dir>

<dir>
    <title>Eddie Murphy</title>
    <trakt>https://api.trakt.tv/people/Eddie-Murphy/movies</trakt>
  </dir>

<dir>
    <title>Harrison Ford</title>
    <tmdb>person/movies/3</tmdb>
  </dir>

<dir>
    <title>Harrison Ford</title>
    <trakt>https://api.trakt.tv/people/Harrison-Ford/movies</trakt>
  </dir>

<dir>
    <title>Jack Nicholson</title>
    <trakt>https://api.trakt.tv/people/Jack-Nicholson/movies</trakt>
  </dir>

<dir>
    <title>Jason Statham</title>
    <trakt>https://api.trakt.tv/people/Jason-Statham/movies</trakt>
  </dir>

<dir>
    <title>Jim Carrey</title>
    <trakt>https://api.trakt.tv/people/Jim-Carrey/movies</trakt>
  </dir>

<dir>
    <title>Joe Pesci</title>
    <trakt>https://api.trakt.tv/people/Joe-Pesci/movies</trakt>
  </dir>

<dir>
    <title>John Wayne</title>
    <trakt>https://api.trakt.tv/people/john-wayne/movies</trakt>
  </dir>

<dir>
    <title>Johnny Depp</title>
    <tmdb>person/movies/85</tmdb>
    <thumbnail>https://image.tmdb.org/t/p/w640/ea4fTp9T8Zy2KWxyFsqDIBgHZmb.jpg</thumbnail>
  </dir>

<dir>
    <title>Keanu Reeves</title>
    <trakt>https://api.trakt.tv/people/Keanu-Reeves/movies</trakt>
  </dir>

<dir>
    <title>Kevin Costner</title>
    <tmdb>person/movies/1269</tmdb>
  </dir>

<dir>
    <title>Kevin Costner</title>
    <trakt>https://api.trakt.tv/people/Kevin-Costner/movies</trakt>
  </dir>

<dir>
    <title>Kevin Spacey</title>
    <trakt>https://api.trakt.tv/people/Kevin-Spacey/movies</trakt>
  </dir>

<dir>
    <title>Kurt Russell</title>
    <trakt>https://api.trakt.tv/people/Kurt-Russell/movies</trakt>
  </dir>

<dir>
    <title>Liam Neeson</title>
    <trakt>https://api.trakt.tv/people/Liam-Neeson/movies</trakt>
  </dir>

<dir>
    <title>Matt Damon</title>
    <trakt>https://api.trakt.tv/people/Matt-Damon/movies</trakt>
  </dir>

<dir>
    <title>Mel Gibson</title>
    <trakt>https://api.trakt.tv/people/Mel-Gibson/movies</trakt>
  </dir>

<dir>
    <title>Michael Caine</title>
    <tmdb>person/movies/3895</tmdb>
  </dir>

<dir>
    <title>Michael Caine</title>
    <trakt>https://api.trakt.tv/people/Michael-Caine/movies</trakt>
  </dir>

<dir>
    <title>Mickey Rourke</title>
    <trakt>https://api.trakt.tv/people/Mickey-Rourke/movies</trakt>
  </dir>

<dir>
    <title>Morgan Freeman</title>
    <tmdb>person/movies/192</tmdb>
  </dir>

<dir>
    <title>Nicolas Cage</title>
    <trakt>https://api.trakt.tv/people/Nicolas-Cage/movies</trakt>
  </dir>

<dir>
    <title>Owen Wilson</title>
    <trakt>https://api.trakt.tv/people/Owen-Wilson/movies</trakt>
  </dir>

<dir>
    <title>Pierce Brosnan</title>
    <tmdb>person/movies/517</tmdb>
  </dir>

<dir>
    <title>Robert Carlyle</title>
    <trakt>https://api.trakt.tv/people/Robert-Carlyle/movies</trakt>
  </dir>

<dir>
    <title>Robert De Niro</title>
    <trakt>https://api.trakt.tv/people/Robert-De-Niro/movies</trakt>
  </dir>

<dir>
    <title>Robert Downey Jr</title>
    <trakt>https://api.trakt.tv/people/Robert-Downey-Jr/movies</trakt>
  </dir>

<dir>
    <title>Robin Williams</title>
    <tmdb>person/movies/2157</tmdb>
  </dir>

<dir>
    <title>Russell Crowe</title>
    <trakt>https://api.trakt.tv/people/Russell-Crowe/movies</trakt>
  </dir>

<dir>
    <title>Ryan Reynolds</title>
    <trakt>https://api.trakt.tv/people/Ryan-Reynolds/movies</trakt>
  </dir>

<dir>
    <title>Samuel L. Jackson</title>
    <trakt>https://api.trakt.tv/people/samuel-l-jackson/movies</trakt>
  </dir>

<dir>
    <title>Sean Bean</title>
    <trakt>https://api.trakt.tv/people/Sean-Bean/movies</trakt>
  </dir>

<dir>
    <title>Seth Rogen</title>
    <trakt>https://api.trakt.tv/people/Seth-Rogen/movies</trakt>
  </dir>

<dir>
    <title>Sylvester Stallone</title>
    <trakt>https://api.trakt.tv/people/Sylvester-Stallone/movies</trakt>
  </dir>

<dir>
    <title>Tom Cruise</title>
    <tmdb>person/movies/500</tmdb>
  </dir>

<dir>
    <title>Tom Hanks</title>
    <trakt>https://api.trakt.tv/people/tom-hanks/movies</trakt>
  </dir>

<dir>
    <title>Tommy Lee Jones</title>
    <trakt>https://api.trakt.tv/people/Tommy-Lee-Jones/movies</trakt>
  </dir>

