
*****Actress*****


<dir>
      <title>Amy Adams</title>
      <trakt>https://api.trakt.tv/people/Amy-Adams/movies</trakt>
</dir>

<dir>
      <title>Angelina Jolie</title>
      <trakt>https://api.trakt.tv/people/Angelina-Jolie/movies</trakt>
</dir>

<dir>
      <title>Anne Hathaway</title>
      <trakt>https://api.trakt.tv/people/Anne-Hathaway/movies</trakt>
</dir>

<dir>
      <title>Audrey Hepburn</title>
      <trakt>https://api.trakt.tv/people/Audrey-Hepburn/movies</trakt>
</dir>

<dir>
      <title>Cate Blanchett</title>
      <trakt>https://api.trakt.tv/people/Cate-Blanchett/movies</trakt>
</dir>

<dir>
      <title>Charlize Theron</title>
      <trakt>https://api.trakt.tv/people/Charlize-Theron/movies</trakt>
</dir>

<dir>
      <title>Darlene Glória</title>
      <trakt>https://api.trakt.tv/people/Darlene-Glória/movies</trakt>
</dir>

<dir>
      <title>Elizabeth Taylor</title>
      <trakt>https://api.trakt.tv/people/Elizabeth Taylor/movies</trakt>
</dir>

<dir>
      <title>Emilia Clarke</title>
      <trakt>https://api.trakt.tv/people/Emilia-Clarke/movies</trakt>
</dir>

<dir>
      <title>Emily Blunt</title>
      <trakt>https://api.trakt.tv/people/Emily-Blunt/movies</trakt>
</dir>

<dir>
      <title>Emma Stone</title>
      <trakt>https://api.trakt.tv/people/Emma-Stone/movies</trakt>
</dir>

<dir>
      <title>Emma Thompson</title>
      <trakt>https://api.trakt.tv/people/Emma-Thompson/movies</trakt>
</dir>

<dir>
      <title>Emma Watson</title>
      <trakt>https://api.trakt.tv/people/Emma-Watson/movies</trakt>
</dir>

<dir>
      <title>Gwyneth Paltrow</title>
      <trakt>https://api.trakt.tv/people/Gwyneth-Paltrow/movies</trakt>
</dir>

<dir>
      <title>Halle Berry</title>
      <trakt>https://api.trakt.tv/people/Halle-Berry/movies</trakt>
</dir>

<dir>
      <title>Helen Mirren</title>
      <trakt>https://api.trakt.tv/people/Helen-Mirren/movies</trakt>
</dir>

<dir>
      <title>Jennifer Aniston</title>
      <trakt>https://api.trakt.tv/people/Jennifer-Aniston/movies</trakt>
</dir>

<dir>
      <title>Jennifer Lawrence</title>
      <trakt>https://api.trakt.tv/people/Jennifer-Lawrence/movies</trakt>
</dir>

<dir>
      <title>Jessica Alba</title>
      <trakt>https://api.trakt.tv/people/Jessica-Alba/movies</trakt>
</dir>

<dir>
      <title>Jessica Biel</title>
      <trakt>https://api.trakt.tv/people/Jessica-Biel/movies</trakt>
</dir>

<dir>
      <title>Jessica Chastain</title>
      <trakt>https://api.trakt.tv/people/Jessica-Chastain/movies</trakt>
</dir>

<dir>
      <title>Jodie Foster</title>
      <trakt>https://api.trakt.tv/people/Jodie-Foster/movies</trakt>
</dir>

<dir>
      <title>Judy Loe</title>
      <trakt>https://api.trakt.tv/people/Judy-Loe/movies</trakt>
</dir>

<dir>
      <title>Julia Roberts</title>
      <trakt>https://api.trakt.tv/people/Julia-Roberts/movies</trakt>
</dir>

<dir>
      <title>Julianne Moore</title>
      <trakt>https://api.trakt.tv/people/Julianne-Moore/movies</trakt>
</dir>

<dir>
      <title>Kate Beckinsale</title>
      <trakt>https://api.trakt.tv/people/Kate-Beckinsale/movies</trakt>
</dir>

<dir>
      <title>Kate Winslet</title>
      <trakt>https://api.trakt.tv/people/Kate-Winslet/movies</trakt>
</dir>

<dir>
      <title>Katharine Hepburn</title>
      <trakt>https://api.trakt.tv/people/Katharine-Hepburn/movies</trakt>
</dir>

<dir>
      <title>Kathy Bates</title>
      <trakt>https://api.trakt.tv/people/Kathy-Bates/movies</trakt>
</dir>

<dir>
      <title>Keira Knightley</title>
      <trakt>https://api.trakt.tv/people/Emma-Stone/movies</trakt>
</dir>

<dir>
      <title>Kim Kardashian</title>
      <trakt>https://api.trakt.tv/people/Kim-Kardashian/movies</trakt>
</dir>

<dir>
      <title>Marilyn Monroe</title>
      <trakt>https://api.trakt.tv/people/Marilyn-Monroe/movies</trakt>
</dir>

<dir>
      <title>Megan Fox</title>
      <trakt>https://api.trakt.tv/people/Megan-Fox/movies</trakt>
</dir>

<dir>
      <title>Melanie Sloan</title>
      <trakt>https://api.trakt.tv/people/Melanie-Sloan/movies</trakt>
</dir>

<dir>
      <title>Meryl Streep</title>
      <trakt>https://api.trakt.tv/people/Meryl-Streep/movies</trakt>
</dir>

<dir>
      <title>Mila Kunis</title>
      <trakt>https://api.trakt.tv/people/Mila-Kunis/movies</trakt>
</dir>

<dir>
      <title>Naomi Watts</title>
      <trakt>https://api.trakt.tv/people/Naomi-Watts/movies</trakt>
</dir>

<dir>
      <title>Natalie Portman</title>
      <trakt>https://api.trakt.tv/people/Natalie-Portman/movies</trakt>
</dir>

<dir>
      <title>Nicole Kidman</title>
      <trakt>https://api.trakt.tv/people/Nicole-Kidman/movies</trakt>
</dir>

<dir>
      <title>Olivia Wilde</title>
      <trakt>https://api.trakt.tv/people/Olivia-Wilde/movies</trakt>
</dir>

<dir>
      <title>Penélope Cruz</title>
      <trakt>https://api.trakt.tv/people/Penélope-Cruz/movies</trakt>
</dir>

<dir>
      <title>Rachel McAdams</title>
      <trakt>https://api.trakt.tv/people/Rachel-McAdams/movies</trakt>
</dir>

<dir>
      <title>Reese Witherspoon</title>
      <trakt>https://api.trakt.tv/people/Reese-Witherspoon/movies</trakt>
</dir>

<dir>
      <title>Sally Field</title>
      <trakt>https://api.trakt.tv/people/Sally-Field/movies</trakt>
</dir>

<dir>
      <title>Sandra Bullock</title>
      <trakt>https://api.trakt.tv/people/Sandra-Bullock/movies</trakt>
</dir>

<dir>
      <title>Scarlett Johansson</title>
      <trakt>https://api.trakt.tv/people/Scarlett-Johansson/movies</trakt>
</dir>

<dir>
      <title>Sharman Macdonald</title>
      <trakt>https://api.trakt.tv/people/Sharman-Macdonald/movies</trakt>
</dir>

<dir>
      <title>Sofía Vergara</title>
      <trakt>https://api.trakt.tv/people/Sofía-Vergara/movies</trakt>
</dir>

<dir>
      <title>Susan Sarandon</title>
      <trakt>https://api.trakt.tv/people/Susan Sarandon/movies</trakt>
</dir>

<dir>
      <title>Vanessa Johansson</title>
      <trakt>https://api.trakt.tv/people/Vanessa-Johansson/movies</trakt>
</dir>

<dir>
      <title>Viola Davis</title>
      <trakt>https://api.trakt.tv/people/Viola-Davis/movies</trakt>
</dir>

